access_number,oject_type,artist,title,medium,dimensions,creation_date,description,image_url,credit_line,zone
1970.78,painting,Master of the Lille Sermon,The Burning of Sodom,oil,17 1/2 in. x 28 1/8 in. (44.5 cm. x 71.5 cm.),ca. 1550-1575,"In The Burning of Sodom a high horizon line combines with an elevated foreground to reveal a sweeping panorama—a composition favored by Flemish painters of the time. Color helps define depth, with a reddish brown hue in the foreground, followed by green and blue shades in the middle and background. In the Book of Genesis, the cities of Sodom and Gomorrah were destroyed when God condemned their inhabitants for their lascivious lifestyles. Angels were sent to the city of Sodom, but unable to find ten righteous people there to rescue, they called upon Lot, Abraham’s nephew, and led him and his family from the city. The only stipulation was that they must not look back at their burning home. When Lot’s wife disobeyed, she was turned into a pillar of salt. Two distraught daughters got Lot drunk, as seen in the foreground, and then enticed him to father their children.
",http://artmuseum.bowdoin.edu/Media/Previews/InventoryPictures/Paintings/1970.78.jpg,"Museum Purchase, Florence C. Quinby Fund, in memory of Henry Cole Quinby, Honorary Degree, 1916",1
1961.100.4,painting,Allegretto de Nuzi,Christ Blessing,tempera,7 3/8 in. x 7 1/8 in. (18.7 cm. x 18.1 cm.),ca. 1360,"This triptych, originally a portion of a larger polyptych (altarpieces with multiple panels), is in a very fine state of preservation. When first completed, the tondo might have been part of the frame of the larger altarpiece, in which it would presumably have graced the gable of the central panel. Art historian Roberto Longhi identified the work’s “simplicity and amplitude of shape” as telling signs of Allegretto Nuzi’s training in Florence in the 1330s, under the strong influence of Giotto. Despite the small scale of this painting, the half-figure of the haloed Christ in the act of blessing possesses monumental dignity. Nuzi’s panel depicting Saint Anthony Abbot, a wing of a major altarpiece for his home town of Fabriano, is today in the National Gallery of Art, Washington D.C., and, like this work, a gift from the Samuel H. Kress Foundation.
",http://artmuseum.bowdoin.edu/Media/Previews/InventoryPictures/Paintings/1961.100.4.jpg,Gift of the Samuel H. Kress Foundation,1
1961.100.11,painting,Gherardo del Fora,St. Mary Magdalen between St. Peter Martyr and St. Catharine of Siena,tempera,16 3/4 in. x 11 1/4 in. (42.5 cm. x 28.5 cm.),ca. 1475,"Active in Florence in the second half of the fifteenth century, Gherardo was a painter and book illuminator who benefited from the patronage of Lorenzo de’ Medici, known as Lorenzo the Magnificent. Gherardo’s works reveal a powerful interest in classical antiquity. In this small devotional panel, perhaps commissioned for a Dominican convent, Mary Magdalene is flanked by Peter Martyr (identified by the transparent knife embedded in his head) and Catherine of Siena. The Magdalene is covered only in her calf-length hair, a reference to her years in the wilderness after Christ’s death. Seen through a window (a scene-within-a-scene device typical of the artist), an earlier event in Mary’s life unfolds, wherein she is the first to recognize Christ, newly risen following his crucifiction. “Noli Me Tangere,” or “touch me not,” he instructed, as she sought to embrace him. 

Retracing the Painting’s Origins

Gherardo del Fora’s biography is recounted in Giorgio Vasari’s Lives of the Artists, and documents attest to his activities as illuminator, mosaicist, painter, stationer, and organist. Born into a family of artists in Florence, he spent part of his life as a lay brother at San Marco, the Observant Dominican friary where Fra Angelico’s frescoes enriched devotional practice. For whom this painting was made is undocumented, but the iconography may provide clues to its origins. Mary Magdalen, a patron of the Dominican order, and Catherine of Siena, the Dominicans’ first female saint, commonly appear in art made for Observant Dominican women. The inclusion of Peter Martyr, who is glorified with the triple crown of martyr, virgin, and doctor, suggests the panel could have been painted for San Pier Martire, an Observant Dominican nunnery in Florence. Gherardo’s own association with the order strengthens this hypothesis. Too small to be an altarpiece, the painting may have been intended for a nun’s cell there.

",http://artmuseum.bowdoin.edu/Media/Previews/InventoryPictures/Paintings/September%202018%20Demers%20images/1961.100.11.jpg,Gift of the Samuel H. Kress Foundation,1
2018.25,painting,The Master of the Von Groote,"A Triptych: The Adoration of the Magi, The Nativity at Night, with the Annunciation to the Shepherds, and The Flight into Egypt",oil,32 1/4 x 9 5/8 in. (81.92 x 24.45 cm),"active, Antwerp ca. 1515-1520","This triptych is one of two exceptional copies of a lost Adoration triptych by the Antwerp painter Jan de Beer. Both match de Beer’s stylistic repertoire and visual finesse to a far greater degree than the other fifty-two copies, an indication that each was likely produced in de Beer’s workshop by studio assistants. The left wing depicts Christ’s midnight birth. In the rear, shepherds gather round a bonfire as the Annunciation to the Shepherds unfolds. The center shows the three Magi presenting their gifts. They include according to the legends of the Western Christian church the African Magus, Balthasar; the Persian scholar, Melchior; and the Indian scholar, Gaspar. The journey of the Magi with their caravan is seen in the background. In the right wing, the Holy Family flees Israel to Egypt, in response to Herod’s decree to kill all Bethlehem children under the age of two, in fear that the Messiah was born.


Magi & Merchants

The Adoration of the Magi was the predominant religious theme in Antwerp painting, and one of the few instances in which black Africans regularly appeared in Renaissance art. The Magi—foreigners from distant lands, transporting luxury goods—came to be an important part of the city’s identity, regarded as analogues to the numerous foreign merchants trading in Antwerp, Europe’s largest commercial market. Like the Magi’s gifts of gold, frankincense, and myrrh, the city’s economy was based upon the luxury trade. Pepper and rare spices from India and Africa, sugar from Madeira and the Canary Islands, silver from Germany and Bohemia, and diamonds from India all poured into Antwerp. Many Antwerp Adorations make the Magi/merchant analogy explicit by depicting the Magi’s attendants as porters transporting cargo. Here, in the right-center background, they unload packs from the camels, set them on the ground, and open a chest of valuables.
",http://artmuseum.bowdoin.edu/Media/Previews/InventoryPictures/Paintings/2018.25.jpg,"Museum Purchase, Lloyd O. and Marjorie Strong Coulter Fund, Jane H. and Charles E. Parker, Jr. Art Acquisition Fund and Laura T. and John H. Halford, Jr. Art Acquisition Fund",1
1971.6,painting,Hendrik Cornelisz. van Vliet,The Tomb of Admiral Jacob Van Wassenaer in the Choir of the Jacobskerk,oil,37 in. x 28 in. (94 cm. x 71.1 cm.),1667,"In mid-seventeenth-century Delft, Hendrick Cornelisz. van Vliet was one of several painters who specialized in illusionistic renderings of the interiors of the city’s two great Gothic churches. In addition to the scrupulous investigation of the visual qualities of light and space, these views were also expressions of the pleasure of observation and national pride, drawing attention to the memorials of the heroes in Holland’s recent struggle with Spain. The figures in the composition serve as more than mere markers of scale, bringing life to this representation of the church, which served as one of the city’s important civic centers. The remarkable trompe l’oeil curtain in the far-right foreground cleverly plays with notions of surface and illusion and serves as a transition between the space of the viewer and the deep architectural volume of the interior.
",http://artmuseum.bowdoin.edu/Media/Previews/kiosk1/1971.6.jpg,"Museum Purchase, Florence C. Quinby Fund, in memory of Henry Cole Quinby, Honorary Degree, 1916",2
1813.22,painting,Michel Dorigny,St. Peter Delivered from Prison by an Angel,oil,58 in. x 44 in. (147.3 cm. x 111.8 cm.),ca. 1720's,"Long attributed to the northern Italian artist Antonio Balestra, this work was recently identified as a painting by Ludovico Dorigny, a Frenchman from a distinguished Parisian artist family who was active in Venice and Verona. As a young man, Dorigny produced works for King Louis XIV and for Cardinal Richelieu. In Italy, he was also a sought-after decorative painter. The Acts of the Apostles relate the story of Peter’s imprisonment by Herod, who at the time persecuted the leadership of the nascent Christian Church. During the night before his public prosecution, an angel appeared to Peter, “and a light shone in the cell, and he … woke him, saying, ‘Get up quickly.’ And the chains fell off his hands.” In his right hand, Peter holds the keys that symbolize the power to bind or loosen souls. 
",http://artmuseum.bowdoin.edu/Media/Previews/InventoryPictures/PeterSiegelMAY2010/1813.22.jpg,Bequest of the Honorable James Bowdoin III,3
1961.100.9,painting,Jacopo da Carrucci (called Pontormo),Apollo and Daphne,oil,24 3/8 in. x 19 1/4 in. (61.91 cm. x 48.9 cm.),1513,"Pontormo’s haunting rendition of the tragic legend of Apollo and Daphne takes place in neither bucolic Arcadia nor Thessaly, but a shadowy nowhere land. The canvas depicts the love-struck Apollo chasing Daphne, who was shot with a blunt leaden shaft, inciting antipathy. Growing exhausted from his relentless pursuit, Daphne implores her river god father to save her. The chaste maiden’s prayers are answered. Just as Apollo is about to overtake her, she is transformed into a laurel tree. In Pontormo’s painting, we witness the initial instant of Daphne’s transformation, branches springing upward from her arms, while the rest of her body still retains its human form. The grieving Apollo adopted the laurel as his sacred plant in memory of his beloved, and the crown wreathed with its leaves came to be appropriated in celebration of poets and public triumphs.

Renaissance Carnivals

Florence’s Carnevale of 1513 carried special significance, as it marked the first such occasion since the return of the Medici after eighteen years in exile. Pontormo’s pair of small mythological scenes, preserved here and in a painting in the Samek Museum at Bucknell University (a gift, like this one, of the Samuel H. Kress Foundation) were jointly conceived for the elaborate ritual as part of a much larger program of painted and sculpted ephemera. Together, the carefully choreographed decorations served to mark a particularly charged political and social event. The turn in political fortunes, already signaled during Carnevale, was strongly reinforced just a month later, with the election of Giovanni de’ Medici as Pope Leo X in Rome. Only eighteen at the time, Pontormo was entrusted with a project of great personal prestige. 
",http://artmuseum.bowdoin.edu/Media/Previews/InventoryPictures/Paintings/1961.100.9.jpg,Gift of the Samuel H. Kress Foundation,4
1961.100.12,painting,Giovanni Benedetto Castiglione,Christ Cleansing the Temple,oil,16 1/4 in. x 28 1/16 in. (41.3 cm. x 71.2 cm.),ca. 1650s,"Based on Rembrandt’s print of the same scene from 1635, this work focuses on Jesus’s rush toward the fleeing merchants. In contrast to Rembrandt, Castiglione places this drama in the background and fills the foreground with panicking livestock stampeding over merchandise splayed before us. Both parts of the composition complement each other thematically and reflect Castiglione’s sensitivity to current theoretical discussions on literature and art that considered the significance of sequential narratives in poetry and prose as well as the complementary interplay of foreground and background. Moreover, while his meticulous handling of the heap of animals and merchandise in the foreground demonstrates his brilliance as an animal painter, his lighter palette and fluid brushwork of the New Testament narrative echo that of his dry brush drawings.

Castiglione’s Career in the 1630s

After training principally in Genoa, Castiglione sought to reinvent himself as an artist during the mid-1630s in Rome, where he attended sessions at the Accademia di San Luca. There he would have been exposed to some of the issues of artistic theory and practice facing painters at the time. He would have sought to align himself with artists such as Domenichino, Sacchi, Testa, and Poussin, which may explain the dramatic hand and facial gestures of many of his figures, all geared to express emotions by visual means. Despite Castiglione’s attempts to accommodate reigning tastes in order to attract a broader base of clients in Rome and then back in Genoa during the late 1630s and early 1640s, he continued to look to others for inspiration, such as Rembrandt, whose rich chiaroscuro and dramatic subjects in his etchings he found appealing. 
",http://artmuseum.bowdoin.edu/Media/Previews/InventoryPictures/Paintings/1961.100.12.jpg,Gift of the Samuel H. Kress Foundation,4
2014.27,painting,Francesco Trevisani,Madonna of the Rosary (La Madone du Rosaire),oil,29  x 21 in. (73.66  x 53.34 cm),1714-1715,,http://artmuseum.bowdoin.edu/Media/Previews/InventoryPictures/091214.kiosk/2014.27.jpg,Acquired through the generosity of George and Elaine KeyesÔøΩ,4
1870.3,painting,Cristofano Allori,Portrait of Geri della Rena,oil,20 1/4 in. x 15 1/2 in. (51.5 cm. x 39.4 cm.),n.d.,"Two miniatures in the Galleria degli Uffizi, Florence, also by Allori and his workshop, are based on this portrait and are identified as likenesses of Geri della Rena at age twenty-two. Traditionally this painting had been attributed to the Spanish court painter Diego Velazquez, then to Velazquez’s son-in-law. Its proper placing in the Florentine tradition was confirmed when the painting was included in a landmark exhibition on art in Florence of the seventeenth century at the Palazzo Pitti in 1986–1987. The disarming emotions on display in Allori’s portraits are understood as his major contribution to the genre.
",http://artmuseum.bowdoin.edu/Media/Previews/kiosk1/1870.3.jpg,Gift of Mr. R. P. Manson,4
1813.13,painting,Unknown Artist,Fish Shambles,oil,38 in. x 52 11/16 in. (96.5 cm. x 133.8 cm.),1600-1700,"Historically, “Shambles” referred to a table or stall for presenting goods, especially meats, for sale. Thus, the assigned title of this painting merely describes the setting of the drama and does not indicate a disorderly mess. Present at the Museum for more than 200 years, this painting still lacks an attribution to a specific artist, although scholars suggest an origin in mid-seventeenth-century Italy, perhaps in Naples. Close stylistic examination reveals two artists at work, a well-documented practice in seventeenth-century Italy. The human figures present a gentle matte surface, creating softness in the flesh and fabrics. In contrast, the sharply rendered fish shine forth in metallic brilliance. This collaboration between two talented artists results in a painting unified through the effects of light and shade. 

Edible Species of Mediterranean Fish

The bravura fish still life at the core of the work features a dozen distinct species captured with an ichthyologist’s precision, tantalizingly realized in crisply painted textures, curious shapes, and vibrant colors. On the left, a female monk fish, her great jaws agape, flashes rows of pin-sharp teeth beyond which lie creamy innards. Hanging from hooks in the center, an iridescent striped perch and partially gutted skate gleam with brilliant silvers and whites. To their right, a rather stiff cod lies diagonally, its open mouth and ribbed gills darkened in shadow. Across the front of the fish seller’s stone slab, a small upturned skate hangs over the edge, its pearlescent underbelly beaded with water droplets. Surrounding it, a scattered mess of six small and two large gurnards stick out their massive boney heads. Pairs of dark perch and brilliant red groupers complete the table’s display, which is framed by coins on the left and dark spikey sea urchins on the right. Hanging above, a small shark with spotted fins and a winged ray flank the disemboweled skate.
",http://artmuseum.bowdoin.edu/Media/Previews/InventoryPictures/Paintings/1813.13.jpg,Bequest of the Honorable James Bowdoin III,4
1970.41,painting,Claes Cornelisz. Moeyaert,The Meeting of Jacob and Joseph in Egypt,oil,54 in. x 64 3/4 in. (137.2 cm. x 164.5 cm.),1636,"A leading Roman Catholic artist in Amsterdam, Moeyaert often painted historical recreations of Biblical subjects and is among a group of Dutch painters now known as the Pre-Rembrandtists. Scenes from the Old Testament were popular in Amsterdam because they included tests of virtue and faith, particularly around the theme of family. In the book of Genesis, Joseph was the favorite son of the patriarch Jacob. Sold by his brothers into slavery, Joseph eventually rose by virtue of talents to great power in Egypt, where years later he revealed himself to his brothers, forgave them, and brought Jacob and all his family to Egypt. Moeyaert’s prior work painting stage decorations for theatrical productions and his studies of animals allowed him to portray this emotional moment of reconciliation within a fully elaborated setting. The complex of Roman ruins in the background is likely of Moeyaert’s own invention, as there is no evidence he ever visited Italy.
",http://artmuseum.bowdoin.edu/Media/Previews/kiosk1/1970.41.jpg,"Museum Purchase, Florence C. Quinby Fund, in memory of Henry Cole Quinby, Honorary Degree, 1916",5
2010.36,painting,Denys Calvaert,Annunciation,oil,20 13/16 in. x 15 7/16 in. (52.86 cm x 39.21 cm),ca. 1595,"The Annunciation, frequently depicted across Renaissance Europe, illustrates the moment when the angel Gabriel announces to Mary that she will become mother to Jesus. Gabriel’s instructive gesture appears before the backdrop of a garden, emblematic of the Immaculate Conception, which is symbolized in God’s penetrating hand, parting the heavens and emitting light. Mary welcomes the divine presence with modesty within a contained domestic setting, flanked by lilies, a sign of purity. She interrupts her reading of an open book, shaped like the tablets of the commandments. This small painting was likely commissioned for use in personal devotion. As a visual presence in a pious household, this work had a tangible impact on the lives of the residents. Counter-Reformation Europe experienced an upsurge in devotional art and literature, and new spiritual movements and meditative practices centered on the establishment of a closer, more personal relationship with God.

The Marian Ideal

Depictions of the Annunciation provide insights into social, cultural, and religious aspects of early modern society, particularly the implementation of gendered codes of conduct. Catholic preachers and writers of numerous works on the life of the Virgin emphasized Mary’s obedience and submissiveness as characteristics of model behavior for women. Humanist treatises and conduct manuals argued for reformations within the church and larger society, encouraging audiences to emulate these prescribed models of gendered behavior. Guidebooks for husbands and wives, for example, were extremely common. Evoking the injunctions of these conduct manuals and humanist treatises, early modern visual culture frequently fashioned a Marian ideal as a way to reinforce and promote these types of gendered expectations. Calvaert’s poignant rendition of Mary is emblematic of behavioral norms set for women and popularized by the Cult of Mary: modest appearance, downward gaze, protected posturing, and reading material as evidence of her dedication to study.

",http://artmuseum.bowdoin.edu/Media/Previews/InventoryPictures/Acquisitions%20(NEW)%202010/2010.36.jpg,"Museum Purchase, Laura T. and John H. Halford, Jr. Art Acquisition Fund, Lloyd O. and Marjorie Strong Coulter Fund and Jane H. and Charles E. Parker, Jr. Art Acquisition Fund",5
2014.16,painting,Simon de Vlieger,A Coastal Scene Near Zandvoort,oil,22 1/4 x 34 7/8 in. (56.52 x 88.58 cm),c. 1640,"A gathering of fisherfolk peddling their catch dominates the foreground. The artist’s mastery of perspective is employed here by contrasting the foreground fisherfolk with diminutive figures near the distant water’s edge. All of this human activity occurs under a superbly rendered cloudy sky in which the light playing across the scene seems to be constantly shifting, energizing the painting to brilliant pictorial effect. Simon de Vlieger was responsible for the transition from the spirited beginnings of Dutch marine art to its most august and refined stage in the years around 1650. His great predecessor, Jan Porcellis, shifted Dutch marine art away from large-scale history subjects to focus instead on the unique atmospheric effects of the sea. De Vlieger brought these innovations to new levels of refinement by envisaging the constant yet ever-changing rhythm of the sea under vaulting clouds that filter the sunlight playing across land and sea. 

De Vlieger’s Followers

Simon de Vlieger was one of the pivotal marine painters of the Dutch “Golden Age,” and his achievement assured him a unique place in the evolution of Dutch marine art. Willem van de Velde the Younger putatively studied with de Vlieger in Weesp. In particular, his early seascapes bespeak his close study of de Vlieger’s art. Likewise, Jan van de Cappelle was an ardent admirer, and the inventory of his estate included more than 1,300 drawings by de Vlieger. During the 1650s and 1660s, these two younger artists brought Dutch marine art to its apogee, but it was de Vlieger who created the groundwork for this development. He was the fulcrum who shifted the direction of Dutch marine art to its moment of perfection.
",http://artmuseum.bowdoin.edu/Media/Previews/InventoryPictures/kiosk.041315/2014.16.jpg,"Museum Purchase, Lloyd O. and Marjorie Strong Coulter Fund",5
1813.1,painting,John Smibert,The Continence of Scipio,oil,45 3/4 in. x 62 5/8 in. (116.21 cm x 159.07 cm),ca. 1719-1722,"Smibert’s painting is a copy of a 1640 painting by the revered French painter Nicolas Poussin. Its subject derives from Roman history. During the Second Punic War, the Roman general Publius Cornelius Scipio Africanus decided to return his war spoils, including the bride of his enemy Allucius, the young prince of the Celtiberians. Scipio’s moral fortitude presented an ideal subtext for Poussin’s classical interpretation. John Smibert, the copyist, was a portrait painter from Scotland who trained in London and later set out with Dean George Berkeley to found a college in Bermuda. This painting was intended to be part of the college’s teaching collection, but when that project fell through, Smibert exhibited it in his Boston studio and art supply store. In Boston it set an example for John Singleton Copley, who admired it. At Bowdoin College since James Bowdoin III’s bequest in 1813, the work has contributed to the education of countless generations of students. 

John Smibert’s Exposure to Poussin

Smibert painted this picture in London between 1726 and 1728, soon after the original was acquired from a French collection by Sir Robert Walpole, one of the great art collectors of the eighteenth century. At the time it came into his possession, Walpole lived less than a mile from Smibert’s London studio. In 1726, Smibert recorded in his commissions notebook that he painted two miniatures for Walpole, along with a copy of a life-size portrait of him, yet for the latter he records no payment. It is possible that Smibert received permission to copy Poussin’s Continence of Scipio in exchange for painting a portrait for Walpole. Given Smibert’s Presbyterian background and emphasis on leading a moral life, he undoubtedly considered this picture particularly noteworthy. And as there were few original paintings by Poussin then in England, it made the work all the more desirable. ",http://artmuseum.bowdoin.edu/Media/Previews/kiosk1/1813.10.jpg,Bequest of the Honorable James Bowdoin III,5
1813.25,painting,Jacques FouquiÔøΩres,Landscape with Dancing Peasants,oil,17 in. x 23 in. (43.18 cm x 58.42 cm),1600-1659,"This painting,  acquired by James and Sarah Bowdoin when they lived in Paris between 1805 and 1808, still bears its decorative Empire-style frame. The bucolic subject was fashionable again in the early years of the nineteenth century, when many felt it was time to reconnect with nature as an ailment for undesirable hygienic conditions in cities, the political troubles of the era, and for moral improvement. The period saw a revival of landscape painting in the style of the seventeenth century and a renewed appreciation for Dutch, French, and Italian artists of the Baroque period who rendered idealized Italianate landscapes such as this. Jacques Fouquières was a Flemish artist who is said to have collaborated with Peter Paul Rubens before he moved to Paris in 1621, simultaneously with and perhaps prompted by Rubens. He was met with considerable success, and King Louis XIII honored him with the title of baron. 
",http://artmuseum.bowdoin.edu/Media/Previews/InventoryPictures/061416/1813.25.jpg,Bequest of the Honorable James Bowdoin III,5
1813.31,painting,Charles-FranÔøΩois Grenier de LaCroix,Seaport with Fortress,oil,13 9/16 in. x 25 3/16 in. (34.5 cm. x 64 cm.),1754,"This painting was likely created in Rome, where the French painter, often called Lacroix de Marseille, resided at the time. While little is known about this artist, who established himself in the Papal State and died in Berlin, many of his decorative harbor scenes survive, often in pairs. Lacroix built on a compositional formula developed by Claude Lorrain and modified it according to the changing preferences of his own time. Its luminous pastel colors and picturesque details make it one of the most endearing paintings among the works purchased by James and Sarah Bowdoin during their residence in Paris between 1805 and 1808.",http://artmuseum.bowdoin.edu/Media/Previews/InventoryPictures/July%202014/1813.31.jpg,Bequest of the Honorable James Bowdoin III,5
1988.27.1,painting,Allan Ramsay,Portrait of a Woman,oil,50 1/16 in. x 40 1/16 in. (127.16 cm. x 101.76 cm.),1740,"Allan Ramsay’s sojourn in Italy from 1736 to 1738 provided first-hand knowledge of painting styles, colors, and techniques. On his return, he established a portrait studio in London, developing a reputation for a naturalism new to British painting. Sought-after by Scottish and English nobility, his success eventually led to his appointment as Principal Painter to King George III in 1767. Ramsay was especially noted for his elegant portraits of women. Although this sitter’s identity is unknown, Ramsey masterfully captured her youthfulness and fashionable dress in a classical setting.
",http://artmuseum.bowdoin.edu/Media/Previews/InventoryPictures/PeterSiegelMAY2010/1988.27.1.jpg,"Bequest of John Nichols, Class of 1936, and Dorothy C. Estabrook",6
1813.4,painting,Nathaniel Smibert,Portrait of Reverend Samson Occom,oil,30 1/8 in. x 24 15/16 in. (76.52 cm x 63.34 cm),ca. 1751-1756,"A member of Connecticut’s Mohegan tribe, Samson Occom converted to Christianity and became a student of the Reverend Eleazer Wheelock. Ordained a Presbyterian minister in 1759, he recruited Native American children to study at Wheelock’s “Indian Charity School.” Occom was a compelling public speaker and traveled to England to raise funds for its operation. In 1769, the school was moved to New Hampshire and chartered as Dartmouth College. Occom’s commitment to this enterprise is all the more remarkable because it occurred during the French and Indian War, a destructive conflict, especially in northern New England, that ended in 1763. Nathaniel Smibert, a son of painter John Smibert, captures Occom’s arresting gaze and purposeful stance. The blue drapery mirrors the tranquil, yet vibrant sky, adding richness to the foreground. Because areas around Occom’s chest and neck are unfinished, scholars believe Smibert was still working on this portrait when he died in 1756.
",http://artmuseum.bowdoin.edu/Media/Previews/InventoryPictures/kiosk.041315/1813.4.jpg,Bequest of the Honorable James Bowdoin III,6
1855.3,painting,Robert Feke,Portrait of Brigadier General Samuel Waldo,oil,96 5/8 in. x 60 1/4 in. (245.43 cm x 153 cm),ca. 1748-1750,"Robert Feke’s full-length portrait of Samuel Waldo commemorates the officer’s leadership in the British and American victory in 1745 over the French at Louisbourg, Nova Scotia. This was one of four contemporaneous full-length portraits celebrating the American commanders of that battle. The other featured officers were William Pepperrell, William Shirley, and Peter Warren, whose portraits John Smibert painted in 1745 and 1746. Here Waldo holds a baton, symbolizing his status as a brigadier-general, but instead of being depicted in a uniform, he chose to dress as a prosperous merchant. Feke excelled in the painterly details of Waldo’s luminous silk-velvet coat and red waistcoat trimmed in yards of thick gold braid. In a large horsehair wig, Waldo strikes a pose guided by British etiquette books. 

General Samuel Waldo—Maine in the Colonial Period

A Massachusetts merchant involved in timber harvesting and shipping, Samuel Waldo expended considerable energy developing lands in the Waldo Patent, between the Penobscot River and Muscongus Bay, now part of Maine. To settle the region beginning in the 1740s, he solicited and encouraged German and Scots-Irish immigrants, many of whom then served in his regiment at Louisbourg. Although usually considered to be Boston-based, Waldo lived in Falmouth-in-Casco-Bay (now Portland), where he also oversaw mast and timbering operations. Following Waldo’s death in 1759, the Feke portrait descended to his daughter Hannah, who married Thomas Flucker, Waldo’s Boston partner, in 1751. It remained in the family until his great-granddaughter, Mrs. Lucy Flucker Thatcher, bequeathed it to Bowdoin in 1853.
",http://artmuseum.bowdoin.edu/Media/Previews/InventoryPictures/Paintings/1855.3.jpg,Bequest of Mrs. Lucy Flucker Thatcher,6
1855.1,painting,John Singleton Copley,Portrait of Thomas Flucker,oil,28 1/16 in. x 24 1/4 in. (71.28 cm x 61.6 cm),ca. 1770-1771,"John Singleton Copley, colonial America’s greatest portraitist, was born to modest circumstances but excelled under the tutelage of his stepfather Peter Pelham, the English-born engraver. Copley catered to his patrons’ desires to be portrayed as English aristocrats, and through his exceptional talents he created a new identity for America’s merchant class. Thomas Flucker had joined two of colonial Boston’s most influential families by marriage. After his first wife Judith Bowdoin, James Bowdoin II’s sister, died, he married Hannah Waldo, daughter of Brigadier General Samuel Waldo. Appointed Colonial Secretary in 1770, he remained loyal to the Crown and fled to England in 1774, spending the remainder of his life in London. That same year, his daughter Lucy married Henry Knox, a Boston bookseller who became one of George Washington’s most able generals. ",http://artmuseum.bowdoin.edu/Media/Previews/kiosk1/1855.1.jpg,Bequest of Mrs. Lucy Flucker Thatcher,6
1826.11,painting,Joseph Blackburn,Portrait of Elizabeth Bowdoin and James Bowdoin III,oil,36 7/8 in. x 58 1/16 in. (93.7 cm. x 147.4 cm.),ca. 1760,"When Blackburn passed through Boston sometime around 1760, the Bowdoin family already owned portraits by Joseph Badger, Robert Feke, and others. Nevertheless, James Bowdoin II lost no time in securing Blackburn’s talents to depict young James III and his sister Elizabeth. The result is this unusual double portrait, which is at once a charming portrayal of children and an assertively up-to-date statement of their importance as the rising generation of one of New England’s most prominent families. Indeed, Blackburn subtly alludes to the family’s crest, which includes three birds, through the bird held by the James III and the two in his cap. ",http://artmuseum.bowdoin.edu/Media/Previews/kiosk1/1826.11.jpg,Bequest of Mrs. Sarah Bowdoin Dearborn,6
1855.2,painting,Joseph Blackburn,Portrait of Mrs. Thomas Flucker (nÔøΩe Hannah Waldo),oil,50 1/8 in. x 40 in. (127.32 cm x 101.6 cm),ca. 1755,"Joseph Blackburn was perhaps the most au courant of the small number of trained English painters working in the American colonies during the mid-eighteenth century. A master of the fashionable French idiom known as Rococo, Blackburn was among the first painters to bring its elegant poses and pastel colors to British America. He was heavily patronized by the colonial elite, who were anxious to have their portraits painted in what was a cutting-edge style, even by London standards. In 1751 Hannah Waldo, the daughter of Brigadier General Samuel Waldo whose portrait is nearby, married Thomas Flucker; his portrait by Copley also hangs nearby. Although Hannah’s pose is derived from English mezzotints, Blackburn has imbued her with delicacy and life. The original frame is, like her father’s, the work of an unidentified but talented Boston carver working in the Rococo style.",http://artmuseum.bowdoin.edu/Media/Previews/kiosk1/1855.2.jpg,Bequest of Mrs. Lucy Flucker Thatcher,6
1955.51,painting,John Singleton Copley,Portrait of Colonel Charles Chivers,oil,29 1/2 in. x 25 5/8 in. (74.93 cm x 65.09 cm),n.d.,"John Singleton Copley, born of Irish immigrants in Boston, was introduced to art by his English stepfather, Peter Pelham, a portrait painter and mezzotint engraver. In his youth he often visited John Smibert’s studio and saw Smibert’s copies of European paintings, such as Nicolas Poussin’s The Continence of Scipio, also seen in this gallery. This portrait of Colonel Charles Chivers is exceedingly elegant and well-finished. It was likely painted during the late 1770s or early 1780s, after Copley had moved to England. The Chivers family was British, evident by the Colonel’s red uniform coat, and many of its members are recorded in the registers of the Bath Abbey. ",http://artmuseum.bowdoin.edu/Media/Previews/InventoryPictures/PeterSiegelMAY2010/1955.51.jpg,"Gift of John H., Class of 1907, and Hannah Kellett Halford",7
1908.24,painting,Robert Freebairn,Shipwreck,oil,47 in. x 68 in. (119.4 cm. x 172.7 cm.),1790,"This late-eighteenth century monumental painting of a shipwreck offers heart-wrenching descriptions of suffering in a coastal storm. Its dramatic expanses of dark sky and wind-lashed sea, barely contained by the gold frame, present a stark contrast to the idyllic and melancholic representations of evening light seen in similar paintings of the time and mark a departure from the didactic storytelling in paintings of the more distant past. This work has recently been re-attributed to British painter Robert Freebairn, who, around the time this work was painted, studied painting in Rome and sent back images of the Roman landscape and sea to the British Royal Academy.",http://artmuseum.bowdoin.edu/Media/Previews/InventoryPictures/Paintings/1908.24.jpg,Gift of Mrs. Helen M. Shepley,7
1948.25.b,furniture,Joseph Baumhauer,Commode (marble top only),oak and poplar; tulipwood and amaranth veneers; ormolu mounts; marble top,33 1/16 in. x 55 1/8 in. x 24 in. (84 cm. x 140 cm. x 61 cm.),1740-1760,"Born in Germany, Baumhauer moved to Paris in the 1740s. At the time French craftsmen opposed immigrants as possible competitors in their market. His marriage to the daughter of a French cabinetmaker undoubtedly helped advance his career and he excelled in his new home. Around 1749 Baumhauer was appointed marchand-ébéniste privilégié du roi (dealer and cabinetmaker) to Louis XV, without ever becoming a master in the French guild system. This commode or chest of drawers features all the hallmarks of Joseph’s best work: an elegant, curvilinear form, variegated marble top that complements the figured veneers, and gilded mounts in their asymmetrical splendor. Its case is stamped “Joseph,” the mark he used after dropping his German surname. It is the finest example of French Rococo furniture given to Bowdoin by Susan Dwight Bliss, the Francophile collector who donated a significant collection of European works on paper, rare books, and architectural fragments now assembled in the Bliss Room of the Bowdoin College Library.",http://artmuseum.bowdoin.edu/Media/Previews/InventoryPictures/PeterSiegelJULY2010/1948.25.jpg,Gift of Miss Susan Dwight Bliss,0
1872.1,furniture,William Searle,Joined Great Chair,oak,48 1/2 in. x 25 1/2 in. x 17 7/8 in. (123.19 cm. x 64.77 cm. x 45.4 cm.),1663-1667,"Bowdoin’s chair collection began in 1872 with the arrival of this extraordinary joined great chair. William Searle, an English-trained joiner who emigrated to America in 1663, is believed to have produced it for his own household in Ispwich, Massachusetts. After his death, his widow married another joiner, Thomas Dennis (1638–1706), who like Searle was from Devonshire, England. Dennis took over Searle’s workshop, and it is through the Dennis family that the chair descended. The handsomely carved ornament, with anthropomorphic figures decorating the stiles, is based on the Renaissance and Baroque strapwork seen on furniture from the region in which Searle trained. Used for many years as the president’s chair at Commencement, the chair is now recognized as among the nation’s finest examples of seventeenth-century furniture.
",http://artmuseum.bowdoin.edu/Media/Previews/InventoryPictures/PeterSiegelJULY2010/1872.1/1872.1.jpg,"Gift of Ephraim Wilder Farley, Class of 1836",0